ClaimId,MemberId,ProviderId,PlanId,ServiceDate,DiagnosisCode,ProcedureCode,Units,ChargeAmount
C1,M3,P4,Plan3,2025-11-30,E11.9,J9876,3,86.00
C2,M8,P4,Plan1,2025-11-11,Z00.00,J1234,1,83.00
C3,M9,P4,Plan2,2025-11-29,H52.4,J9876,2,251.00
C4,M5,P2,Plan2,2025-11-17,R53.83,99213,1,300.00
C5,M9,P4,Plan1,2025-11-02,J45.909,A5513,2,222.00
C6,M10,P3,Plan1,2025-11-29,R53.83,J1234,3,85.00
C7,M4,P2,Plan2,2025-11-12,H52.4,99213,2,173.00
C8,M6,P4,Plan2,2025-11-12,Z00.00,J9876,2,175.00
C9,M1,P2,Plan2,2025-11-17,R53.83,J9876,3,184.00
C10,M1,P4,Plan2,2025-11-28,E11.9,99213,1,103.00
C11,M2,P2,Plan1,2025-11-13,Z00.00,V2020,2,153.00
C12,M8,P5,Plan1,2025-11-28,H52.4,V2020,1,217.00
C13,M2,P3,Plan2,2025-11-20,E11.9,99213,2,93.00
C14,M10,P5,Plan3,2025-11-18,I10,99205,2,208.00
C15,M7,P4,Plan3,2025-11-17,M54.5,A5513,2,126.00
C16,M9,P1,Plan2,2025-11-20,H52.4,99213,1,89.00
C17,M5,P5,Plan1,2025-11-02,R53.83,J1234,1,216.00
C18,M7,P1,Plan2,2025-11-22,J45.909,99214,1,229.00
C19,M8,P4,Plan2,2025-11-08,K21.9,93000,3,176.00
C20,M7,P4,Plan3,2025-11-02,I10,99214,2,93.00
